Zip,Estado,Pais
A0A,Newfoundland and Labrador,Canada
A0B,Newfoundland and Labrador,Canada
A0C,Newfoundland and Labrador,Canada
A0E,Newfoundland and Labrador,Canada
A0G,Newfoundland and Labrador,Canada
A0H,Newfoundland and Labrador,Canada
A0J,Newfoundland and Labrador,Canada
A0K,Newfoundland and Labrador,Canada
A0L,Newfoundland and Labrador,Canada
A0M,Newfoundland and Labrador,Canada
A0N,Newfoundland and Labrador,Canada
A0P,Newfoundland and Labrador,Canada
A0R,Newfoundland and Labrador,Canada
A1A,Newfoundland and Labrador,Canada
A1B,Newfoundland and Labrador,Canada
A1C,Newfoundland and Labrador,Canada
A1E,Newfoundland and Labrador,Canada
A1G,Newfoundland and Labrador,Canada
A1H,Newfoundland and Labrador,Canada
A1K,Newfoundland and Labrador,Canada
A1L,Newfoundland and Labrador,Canada
A1M,Newfoundland and Labrador,Canada
A1N,Newfoundland and Labrador,Canada
A1S,Newfoundland and Labrador,Canada
A1V,Newfoundland and Labrador,Canada
A1W,Newfoundland and Labrador,Canada
A1X,Newfoundland and Labrador,Canada
A1Y,Newfoundland and Labrador,Canada
A2A,Newfoundland and Labrador,Canada
A2B,Newfoundland and Labrador,Canada
A2H,Newfoundland and Labrador,Canada
A2N,Newfoundland and Labrador,Canada
A2V,Newfoundland and Labrador,Canada
A5A,Newfoundland and Labrador,Canada
A8A,Newfoundland and Labrador,Canada
B0C,Nova Scotia,Canada
B0E,Nova Scotia,Canada
B0H,Nova Scotia,Canada
B0J,Nova Scotia,Canada
B0K,Nova Scotia,Canada
B0L,Nova Scotia,Canada
B0M,Nova Scotia,Canada
B0N,Nova Scotia,Canada
B0P,Nova Scotia,Canada
B0R,Nova Scotia,Canada
B0S,Nova Scotia,Canada
B0T,Nova Scotia,Canada
B0V,Nova Scotia,Canada
B0W,Nova Scotia,Canada
B1A,Nova Scotia,Canada
B1B,Nova Scotia,Canada
B1C,Nova Scotia,Canada
B1E,Nova Scotia,Canada
B1G,Nova Scotia,Canada
B1H,Nova Scotia,Canada
B1J,Nova Scotia,Canada
B1K,Nova Scotia,Canada
B1L,Nova Scotia,Canada
B1M,Nova Scotia,Canada
B1N,Nova Scotia,Canada
B1P,Nova Scotia,Canada
B1R,Nova Scotia,Canada
B1S,Nova Scotia,Canada
B1T,Nova Scotia,Canada
B1V,Nova Scotia,Canada
B1W,Nova Scotia,Canada
B1X,Nova Scotia,Canada
B1Y,Nova Scotia,Canada
B2A,Nova Scotia,Canada
B2C,Nova Scotia,Canada
B2E,Nova Scotia,Canada
B2G,Nova Scotia,Canada
B2H,Nova Scotia,Canada
B2J,Nova Scotia,Canada
B2N,Nova Scotia,Canada
B2R,Nova Scotia,Canada
B2S,Nova Scotia,Canada
B2T,Nova Scotia,Canada
B2V,Nova Scotia,Canada
B2W,Nova Scotia,Canada
B2X,Nova Scotia,Canada
B2Y,Nova Scotia,Canada
B2Z,Nova Scotia,Canada
B3A,Nova Scotia,Canada
B3B,Nova Scotia,Canada
B3E,Nova Scotia,Canada
B3G,Nova Scotia,Canada
B3H,Nova Scotia,Canada
B3J,Nova Scotia,Canada
B3K,Nova Scotia,Canada
B3L,Nova Scotia,Canada
B3M,Nova Scotia,Canada
B3N,Nova Scotia,Canada
B3P,Nova Scotia,Canada
B3R,Nova Scotia,Canada
B3S,Nova Scotia,Canada
B3T,Nova Scotia,Canada
B3V,Nova Scotia,Canada
B3Z,Nova Scotia,Canada
B4A,Nova Scotia,Canada
B4B,Nova Scotia,Canada
B4C,Nova Scotia,Canada
B4E,Nova Scotia,Canada
B4G,Nova Scotia,Canada
B4H,Nova Scotia,Canada
B4N,Nova Scotia,Canada
B4P,Nova Scotia,Canada
B4R,Nova Scotia,Canada
B4V,Nova Scotia,Canada
B5A,Nova Scotia,Canada
B9A,Nova Scotia,Canada
C0A,Prince Edward Island,Canada
C0B,Prince Edward Island,Canada
C1A,Prince Edward Island,Canada
C1B,Prince Edward Island,Canada
C1C,Prince Edward Island,Canada
C1E,Prince Edward Island,Canada
C1N,Prince Edward Island,Canada
E1A,New Brunswick,Canada
E1B,New Brunswick,Canada
E1C,New Brunswick,Canada
E1E,New Brunswick,Canada
E1G,New Brunswick,Canada
E1H,New Brunswick,Canada
E1J,New Brunswick,Canada
E1N,New Brunswick,Canada
E1V,New Brunswick,Canada
E1W,New Brunswick,Canada
E1X,New Brunswick,Canada
E2A,New Brunswick,Canada
E2E,New Brunswick,Canada
E2G,New Brunswick,Canada
E2H,New Brunswick,Canada
E2J,New Brunswick,Canada
E2K,New Brunswick,Canada
E2L,New Brunswick,Canada
E2M,New Brunswick,Canada
E2N,New Brunswick,Canada
E2P,New Brunswick,Canada
E2R,New Brunswick,Canada
E2S,New Brunswick,Canada
E2V,New Brunswick,Canada
E3A,New Brunswick,Canada
E3B,New Brunswick,Canada
E3C,New Brunswick,Canada
E3E,New Brunswick,Canada
E3L,New Brunswick,Canada
E3N,New Brunswick,Canada
E3V,New Brunswick,Canada
E3Y,New Brunswick,Canada
E3Z,New Brunswick,Canada
E4A,New Brunswick,Canada
E4B,New Brunswick,Canada
E4C,New Brunswick,Canada
E4E,New Brunswick,Canada
E4G,New Brunswick,Canada
E4H,New Brunswick,Canada
E4J,New Brunswick,Canada
E4K,New Brunswick,Canada
E4L,New Brunswick,Canada
E4M,New Brunswick,Canada
E4N,New Brunswick,Canada
E4P,New Brunswick,Canada
E4R,New Brunswick,Canada
E4S,New Brunswick,Canada
E4T,New Brunswick,Canada
E4V,New Brunswick,Canada
E4W,New Brunswick,Canada
E4X,New Brunswick,Canada
E4Y,New Brunswick,Canada
E4Z,New Brunswick,Canada
E5A,New Brunswick,Canada
E5B,New Brunswick,Canada
E5C,New Brunswick,Canada
E5E,New Brunswick,Canada
E5G,New Brunswick,Canada
E5H,New Brunswick,Canada
E5J,New Brunswick,Canada
E5K,New Brunswick,Canada
E5L,New Brunswick,Canada
E5M,New Brunswick,Canada
E5N,New Brunswick,Canada
E5P,New Brunswick,Canada
E5R,New Brunswick,Canada
E5S,New Brunswick,Canada
E5T,New Brunswick,Canada
E5V,New Brunswick,Canada
E6A,New Brunswick,Canada
E6B,New Brunswick,Canada
E6C,New Brunswick,Canada
E6E,New Brunswick,Canada
E6G,New Brunswick,Canada
E6H,New Brunswick,Canada
E6J,New Brunswick,Canada
E6K,New Brunswick,Canada
E6L,New Brunswick,Canada
E7A,New Brunswick,Canada
E7B,New Brunswick,Canada
E7C,New Brunswick,Canada
E7E,New Brunswick,Canada
E7G,New Brunswick,Canada
E7H,New Brunswick,Canada
E7J,New Brunswick,Canada
E7K,New Brunswick,Canada
E7L,New Brunswick,Canada
E7M,New Brunswick,Canada
E7N,New Brunswick,Canada
E7P,New Brunswick,Canada
E8A,New Brunswick,Canada
E8B,New Brunswick,Canada
E8C,New Brunswick,Canada
E8E,New Brunswick,Canada
E8G,New Brunswick,Canada
E8J,New Brunswick,Canada
E8K,New Brunswick,Canada
E8L,New Brunswick,Canada
E8M,New Brunswick,Canada
E8N,New Brunswick,Canada
E8P,New Brunswick,Canada
E8R,New Brunswick,Canada
E8S,New Brunswick,Canada
E8T,New Brunswick,Canada
E9A,New Brunswick,Canada
E9B,New Brunswick,Canada
E9C,New Brunswick,Canada
E9E,New Brunswick,Canada
E9G,New Brunswick,Canada
E9H,New Brunswick,Canada
G0A,Quebec,Canada
G0B,Quebec,Canada
G0C,Quebec,Canada
G0E,Quebec,Canada
G0G,Quebec,Canada
G0H,Quebec,Canada
G0J,Quebec,Canada
G0K,Quebec,Canada
G0L,Quebec,Canada
G0M,Quebec,Canada
G0N,Quebec,Canada
G0P,Quebec,Canada
G0R,Quebec,Canada
G0S,Quebec,Canada
G0T,Quebec,Canada
G0V,Quebec,Canada
G0W,Quebec,Canada
G0X,Quebec,Canada
G0Y,Quebec,Canada
G0Z,Quebec,Canada
G1A,Quebec,Canada
G1B,Quebec,Canada
G1C,Quebec,Canada
G1E,Quebec,Canada
G1G,Quebec,Canada
G1H,Quebec,Canada
G1J,Quebec,Canada
G1K,Quebec,Canada
G1L,Quebec,Canada
G1M,Quebec,Canada
G1N,Quebec,Canada
G1P,Quebec,Canada
G1R,Quebec,Canada
G1S,Quebec,Canada
G1T,Quebec,Canada
G1V,Quebec,Canada
G1W,Quebec,Canada
G1X,Quebec,Canada
G1Y,Quebec,Canada
G2A,Quebec,Canada
G2B,Quebec,Canada
G2C,Quebec,Canada
G2E,Quebec,Canada
G2G,Quebec,Canada
G2J,Quebec,Canada
G2K,Quebec,Canada
G2L,Quebec,Canada
G2M,Quebec,Canada
G2N,Quebec,Canada
G3A,Quebec,Canada
G3E,Quebec,Canada
G3G,Quebec,Canada
G3H,Quebec,Canada
G3J,Quebec,Canada
G3K,Quebec,Canada
G3L,Quebec,Canada
G3M,Quebec,Canada
G3Z,Quebec,Canada
G4A,Quebec,Canada
G4R,Quebec,Canada
G4S,Quebec,Canada
G4T,Quebec,Canada
G4V,Quebec,Canada
G4W,Quebec,Canada
G4X,Quebec,Canada
G4Z,Quebec,Canada
G5A,Quebec,Canada
G5B,Quebec,Canada
G5C,Quebec,Canada
G5H,Quebec,Canada
G5J,Quebec,Canada
G5L,Quebec,Canada
G5M,Quebec,Canada
G5N,Quebec,Canada
G5R,Quebec,Canada
G5T,Quebec,Canada
G5V,Quebec,Canada
G5X,Quebec,Canada
G5Y,Quebec,Canada
G5Z,Quebec,Canada
G6A,Quebec,Canada
G6B,Quebec,Canada
G6C,Quebec,Canada
G6E,Quebec,Canada
G6G,Quebec,Canada
G6H,Quebec,Canada
G6J,Quebec,Canada
G6K,Quebec,Canada
G6L,Quebec,Canada
G6P,Quebec,Canada
G6R,Quebec,Canada
G6S,Quebec,Canada
G6T,Quebec,Canada
G6V,Quebec,Canada
G6W,Quebec,Canada
G6X,Quebec,Canada
G6Z,Quebec,Canada
G7A,Quebec,Canada
G7B,Quebec,Canada
G7G,Quebec,Canada
G7H,Quebec,Canada
G7J,Quebec,Canada
G7K,Quebec,Canada
G7N,Quebec,Canada
G7P,Quebec,Canada
G7S,Quebec,Canada
G7T,Quebec,Canada
G7X,Quebec,Canada
G7Y,Quebec,Canada
G7Z,Quebec,Canada
G8A,Quebec,Canada
G8B,Quebec,Canada
G8C,Quebec,Canada
G8E,Quebec,Canada
G8G,Quebec,Canada
G8H,Quebec,Canada
G8J,Quebec,Canada
G8K,Quebec,Canada
G8L,Quebec,Canada
G8M,Quebec,Canada
G8N,Quebec,Canada
G8P,Quebec,Canada
G8T,Quebec,Canada
G8V,Quebec,Canada
G8W,Quebec,Canada
G8Y,Quebec,Canada
G8Z,Quebec,Canada
G9A,Quebec,Canada
G9B,Quebec,Canada
G9C,Quebec,Canada
G9H,Quebec,Canada
G9N,Quebec,Canada
G9P,Quebec,Canada
G9R,Quebec,Canada
G9T,Quebec,Canada
G9X,Quebec,Canada
H0H,Quebec,Canada
H0M,Quebec,Canada
H1A,Quebec,Canada
H1B,Quebec,Canada
H1C,Quebec,Canada
H1E,Quebec,Canada
H1G,Quebec,Canada
H1H,Quebec,Canada
H1J,Quebec,Canada
H1K,Quebec,Canada
H1L,Quebec,Canada
H1M,Quebec,Canada
H1N,Quebec,Canada
H1P,Quebec,Canada
H1R,Quebec,Canada
H1S,Quebec,Canada
H1T,Quebec,Canada
H1V,Quebec,Canada
H1W,Quebec,Canada
H1X,Quebec,Canada
H1Y,Quebec,Canada
H1Z,Quebec,Canada
H2A,Quebec,Canada
H2B,Quebec,Canada
H2C,Quebec,Canada
H2E,Quebec,Canada
H2G,Quebec,Canada
H2H,Quebec,Canada
H2J,Quebec,Canada
H2K,Quebec,Canada
H2L,Quebec,Canada
H2M,Quebec,Canada
H2N,Quebec,Canada
H2P,Quebec,Canada
H2R,Quebec,Canada
H2S,Quebec,Canada
H2T,Quebec,Canada
H2V,Quebec,Canada
H2W,Quebec,Canada
H2X,Quebec,Canada
H2Y,Quebec,Canada
H2Z,Quebec,Canada
H3A,Quebec,Canada
H3B,Quebec,Canada
H3C,Quebec,Canada
H3E,Quebec,Canada
H3G,Quebec,Canada
H3H,Quebec,Canada
H3J,Quebec,Canada
H3K,Quebec,Canada
H3L,Quebec,Canada
H3M,Quebec,Canada
H3N,Quebec,Canada
H3P,Quebec,Canada
H3R,Quebec,Canada
H3S,Quebec,Canada
H3T,Quebec,Canada
H3V,Quebec,Canada
H3W,Quebec,Canada
H3X,Quebec,Canada
H3Y,Quebec,Canada
H3Z,Quebec,Canada
H4A,Quebec,Canada
H4B,Quebec,Canada
H4C,Quebec,Canada
H4E,Quebec,Canada
H4G,Quebec,Canada
H4H,Quebec,Canada
H4J,Quebec,Canada
H4K,Quebec,Canada
H4L,Quebec,Canada
H4M,Quebec,Canada
H4N,Quebec,Canada
H4P,Quebec,Canada
H4R,Quebec,Canada
H4S,Quebec,Canada
H4T,Quebec,Canada
H4V,Quebec,Canada
H4W,Quebec,Canada
H4X,Quebec,Canada
H4Y,Quebec,Canada
H4Z,Quebec,Canada
H5A,Quebec,Canada
H5B,Quebec,Canada
H7A,Quebec,Canada
H7B,Quebec,Canada
H7C,Quebec,Canada
H7E,Quebec,Canada
H7G,Quebec,Canada
H7H,Quebec,Canada
H7J,Quebec,Canada
H7K,Quebec,Canada
H7L,Quebec,Canada
H7M,Quebec,Canada
H7N,Quebec,Canada
H7P,Quebec,Canada
H7R,Quebec,Canada
H7S,Quebec,Canada
H7T,Quebec,Canada
H7V,Quebec,Canada
H7W,Quebec,Canada
H7X,Quebec,Canada
H7Y,Quebec,Canada
H8N,Quebec,Canada
H8P,Quebec,Canada
H8R,Quebec,Canada
H8S,Quebec,Canada
H8T,Quebec,Canada
H8Y,Quebec,Canada
H8Z,Quebec,Canada
H9A,Quebec,Canada
H9B,Quebec,Canada
H9C,Quebec,Canada
H9E,Quebec,Canada
H9G,Quebec,Canada
H9H,Quebec,Canada
H9J,Quebec,Canada
H9K,Quebec,Canada
H9P,Quebec,Canada
H9R,Quebec,Canada
H9S,Quebec,Canada
H9W,Quebec,Canada
H9X,Quebec,Canada
J0A,Quebec,Canada
J0B,Quebec,Canada
J0C,Quebec,Canada
J0E,Quebec,Canada
J0G,Quebec,Canada
J0H,Quebec,Canada
J0J,Quebec,Canada
J0K,Quebec,Canada
J0L,Quebec,Canada
J0M,Quebec,Canada
J0N,Quebec,Canada
J0P,Quebec,Canada
J0R,Quebec,Canada
J0S,Quebec,Canada
J0T,Quebec,Canada
J0V,Quebec,Canada
J0W,Quebec,Canada
J0X,Quebec,Canada
J0Y,Quebec,Canada
J0Z,Quebec,Canada
J1A,Quebec,Canada
J1E,Quebec,Canada
J1G,Quebec,Canada
J1H,Quebec,Canada
J1J,Quebec,Canada
J1K,Quebec,Canada
J1L,Quebec,Canada
J1M,Quebec,Canada
J1N,Quebec,Canada
J1S,Quebec,Canada
J1T,Quebec,Canada
J1X,Quebec,Canada
J1Z,Quebec,Canada
J2A,Quebec,Canada
J2B,Quebec,Canada
J2C,Quebec,Canada
J2E,Quebec,Canada
J2G,Quebec,Canada
J2H,Quebec,Canada
J2J,Quebec,Canada
J2K,Quebec,Canada
J2L,Quebec,Canada
J2N,Quebec,Canada
J2R,Quebec,Canada
J2S,Quebec,Canada
J2T,Quebec,Canada
J2W,Quebec,Canada
J2X,Quebec,Canada
J2Y,Quebec,Canada
J3A,Quebec,Canada
J3B,Quebec,Canada
J3E,Quebec,Canada
J3G,Quebec,Canada
J3H,Quebec,Canada
J3L,Quebec,Canada
J3M,Quebec,Canada
J3N,Quebec,Canada
J3P,Quebec,Canada
J3R,Quebec,Canada
J3T,Quebec,Canada
J3V,Quebec,Canada
J3X,Quebec,Canada
J3Y,Quebec,Canada
J3Z,Quebec,Canada
J4B,Quebec,Canada
J4G,Quebec,Canada
J4H,Quebec,Canada
J4J,Quebec,Canada
J4K,Quebec,Canada
J4L,Quebec,Canada
J4M,Quebec,Canada
J4N,Quebec,Canada
J4P,Quebec,Canada
J4R,Quebec,Canada
J4S,Quebec,Canada
J4T,Quebec,Canada
J4V,Quebec,Canada
J4W,Quebec,Canada
J4X,Quebec,Canada
J4Y,Quebec,Canada
J4Z,Quebec,Canada
J5A,Quebec,Canada
J5B,Quebec,Canada
J5J,Quebec,Canada
J5K,Quebec,Canada
J5L,Quebec,Canada
J5M,Quebec,Canada
J5R,Quebec,Canada
J5T,Quebec,Canada
J5V,Quebec,Canada
J5W,Quebec,Canada
J5X,Quebec,Canada
J5Y,Quebec,Canada
J5Z,Quebec,Canada
J6A,Quebec,Canada
J6E,Quebec,Canada
J6J,Quebec,Canada
J6K,Quebec,Canada
J6N,Quebec,Canada
J6R,Quebec,Canada
J6S,Quebec,Canada
J6T,Quebec,Canada
J6V,Quebec,Canada
J6W,Quebec,Canada
J6X,Quebec,Canada
J6Y,Quebec,Canada
J6Z,Quebec,Canada
J7A,Quebec,Canada
J7B,Quebec,Canada
J7C,Quebec,Canada
J7E,Quebec,Canada
J7G,Quebec,Canada
J7H,Quebec,Canada
J7J,Quebec,Canada
J7K,Quebec,Canada
J7L,Quebec,Canada
J7M,Quebec,Canada
J7N,Quebec,Canada
J7P,Quebec,Canada
J7R,Quebec,Canada
J7T,Quebec,Canada
J7V,Quebec,Canada
J7X,Quebec,Canada
J7Y,Quebec,Canada
J7Z,Quebec,Canada
J8A,Quebec,Canada
J8B,Quebec,Canada
J8C,Quebec,Canada
J8E,Quebec,Canada
J8G,Quebec,Canada
J8H,Quebec,Canada
J8L,Quebec,Canada
J8M,Quebec,Canada
J8N,Quebec,Canada
J8P,Quebec,Canada
J8R,Quebec,Canada
J8T,Quebec,Canada
J8V,Quebec,Canada
J8X,Quebec,Canada
J8Y,Quebec,Canada
J8Z,Quebec,Canada
J9A,Quebec,Canada
J9B,Quebec,Canada
J9E,Quebec,Canada
J9H,Quebec,Canada
J9J,Quebec,Canada
J9L,Quebec,Canada
J9P,Quebec,Canada
J9T,Quebec,Canada
J9V,Quebec,Canada
J9X,Quebec,Canada
J9Y,Quebec,Canada
J9Z,Quebec,Canada
K0A,Ontario,Canada
K0B,Ontario,Canada
K0C,Ontario,Canada
K0E,Ontario,Canada
K0G,Ontario,Canada
K0H,Ontario,Canada
K0J,Ontario,Canada
K0K,Ontario,Canada
K0L,Ontario,Canada
K0M,Ontario,Canada
K1A,Ontario,Canada
K1B,Ontario,Canada
K1C,Ontario,Canada
K1E,Ontario,Canada
K1G,Ontario,Canada
K1H,Ontario,Canada
K1J,Ontario,Canada
K1K,Ontario,Canada
K1L,Ontario,Canada
K1M,Ontario,Canada
K1N,Ontario,Canada
K1P,Ontario,Canada
K1R,Ontario,Canada
K1S,Ontario,Canada
K1T,Ontario,Canada
K1V,Ontario,Canada
K1W,Ontario,Canada
K1X,Ontario,Canada
K1Y,Ontario,Canada
K1Z,Ontario,Canada
K2A,Ontario,Canada
K2B,Ontario,Canada
K2C,Ontario,Canada
K2E,Ontario,Canada
K2G,Ontario,Canada
K2H,Ontario,Canada
K2J,Ontario,Canada
K2K,Ontario,Canada
K2L,Ontario,Canada
K2M,Ontario,Canada
K2P,Ontario,Canada
K2R,Ontario,Canada
K2S,Ontario,Canada
K2T,Ontario,Canada
K2V,Ontario,Canada
K2W,Ontario,Canada
K4A,Ontario,Canada
K4B,Ontario,Canada
K4C,Ontario,Canada
K4K,Ontario,Canada
K4M,Ontario,Canada
K4P,Ontario,Canada
K4R,Ontario,Canada
K6A,Ontario,Canada
K6H,Ontario,Canada
K6J,Ontario,Canada
K6K,Ontario,Canada
K6T,Ontario,Canada
K6V,Ontario,Canada
K7A,Ontario,Canada
K7C,Ontario,Canada
K7G,Ontario,Canada
K7H,Ontario,Canada
K7K,Ontario,Canada
K7L,Ontario,Canada
K7M,Ontario,Canada
K7N,Ontario,Canada
K7P,Ontario,Canada
K7R,Ontario,Canada
K7S,Ontario,Canada
K7V,Ontario,Canada
K8A,Ontario,Canada
K8B,Ontario,Canada
K8H,Ontario,Canada
K8N,Ontario,Canada
K8P,Ontario,Canada
K8R,Ontario,Canada
K8V,Ontario,Canada
K9A,Ontario,Canada
K9H,Ontario,Canada
K9J,Ontario,Canada
K9K,Ontario,Canada
K9L,Ontario,Canada
K9V,Ontario,Canada
L0A,Ontario,Canada
L0B,Ontario,Canada
L0C,Ontario,Canada
L0E,Ontario,Canada
L0G,Ontario,Canada
L0H,Ontario,Canada
L0J,Ontario,Canada
L0K,Ontario,Canada
L0L,Ontario,Canada
L0M,Ontario,Canada
L0N,Ontario,Canada
L0P,Ontario,Canada
L0R,Ontario,Canada
L0S,Ontario,Canada
L1A,Ontario,Canada
L1B,Ontario,Canada
L1C,Ontario,Canada
L1E,Ontario,Canada
L1G,Ontario,Canada
L1H,Ontario,Canada
L1J,Ontario,Canada
L1K,Ontario,Canada
L1L,Ontario,Canada
L1M,Ontario,Canada
L1N,Ontario,Canada
L1P,Ontario,Canada
L1R,Ontario,Canada
L1S,Ontario,Canada
L1T,Ontario,Canada
L1V,Ontario,Canada
L1W,Ontario,Canada
L1X,Ontario,Canada
L1Y,Ontario,Canada
L1Z,Ontario,Canada
L2A,Ontario,Canada
L2E,Ontario,Canada
L2G,Ontario,Canada
L2H,Ontario,Canada
L2J,Ontario,Canada
L2M,Ontario,Canada
L2N,Ontario,Canada
L2P,Ontario,Canada
L2R,Ontario,Canada
L2S,Ontario,Canada
L2T,Ontario,Canada
L2V,Ontario,Canada
L2W,Ontario,Canada
L3B,Ontario,Canada
L3C,Ontario,Canada
L3K,Ontario,Canada
L3M,Ontario,Canada
L3P,Ontario,Canada
L3R,Ontario,Canada
L3S,Ontario,Canada
L3T,Ontario,Canada
L3V,Ontario,Canada
L3X,Ontario,Canada
L3Y,Ontario,Canada
L3Z,Ontario,Canada
L4A,Ontario,Canada
L4B,Ontario,Canada
L4C,Ontario,Canada
L4E,Ontario,Canada
L4G,Ontario,Canada
L4H,Ontario,Canada
L4J,Ontario,Canada
L4K,Ontario,Canada
L4L,Ontario,Canada
L4M,Ontario,Canada
L4N,Ontario,Canada
L4P,Ontario,Canada
L4R,Ontario,Canada
L4S,Ontario,Canada
L4T,Ontario,Canada
L4V,Ontario,Canada
L4W,Ontario,Canada
L4X,Ontario,Canada
L4Y,Ontario,Canada
L4Z,Ontario,Canada
L5A,Ontario,Canada
L5B,Ontario,Canada
L5C,Ontario,Canada
L5E,Ontario,Canada
L5G,Ontario,Canada
L5H,Ontario,Canada
L5J,Ontario,Canada
L5K,Ontario,Canada
L5L,Ontario,Canada
L5M,Ontario,Canada
L5N,Ontario,Canada
L5P,Ontario,Canada
L5R,Ontario,Canada
L5S,Ontario,Canada
L5T,Ontario,Canada
L5V,Ontario,Canada
L5W,Ontario,Canada
L6A,Ontario,Canada
L6B,Ontario,Canada
L6C,Ontario,Canada
L6E,Ontario,Canada
L6G,Ontario,Canada
L6H,Ontario,Canada
L6J,Ontario,Canada
L6K,Ontario,Canada
L6L,Ontario,Canada
L6M,Ontario,Canada
L6P,Ontario,Canada
L6R,Ontario,Canada
L6S,Ontario,Canada
L6T,Ontario,Canada
L6V,Ontario,Canada
L6W,Ontario,Canada
L6X,Ontario,Canada
L6Y,Ontario,Canada
L6Z,Ontario,Canada
L7A,Ontario,Canada
L7B,Ontario,Canada
L7C,Ontario,Canada
L7E,Ontario,Canada
L7G,Ontario,Canada
L7J,Ontario,Canada
L7L,Ontario,Canada
L7M,Ontario,Canada
L7N,Ontario,Canada
L7P,Ontario,Canada
L7R,Ontario,Canada
L7S,Ontario,Canada
L7T,Ontario,Canada
L8E,Ontario,Canada
L8G,Ontario,Canada
L8H,Ontario,Canada
L8J,Ontario,Canada
L8K,Ontario,Canada
L8L,Ontario,Canada
L8M,Ontario,Canada
L8N,Ontario,Canada
L8P,Ontario,Canada
L8R,Ontario,Canada
L8S,Ontario,Canada
L8T,Ontario,Canada
L8V,Ontario,Canada
L8W,Ontario,Canada
L9A,Ontario,Canada
L9B,Ontario,Canada
L9C,Ontario,Canada
L9G,Ontario,Canada
L9H,Ontario,Canada
L9K,Ontario,Canada
L9L,Ontario,Canada
L9M,Ontario,Canada
L9N,Ontario,Canada
L9P,Ontario,Canada
L9R,Ontario,Canada
L9S,Ontario,Canada
L9T,Ontario,Canada
L9V,Ontario,Canada
L9W,Ontario,Canada
L9Y,Ontario,Canada
L9Z,Ontario,Canada
M1B,Ontario,Canada
M1C,Ontario,Canada
M1E,Ontario,Canada
M1G,Ontario,Canada
M1H,Ontario,Canada
M1J,Ontario,Canada
M1K,Ontario,Canada
M1L,Ontario,Canada
M1M,Ontario,Canada
M1N,Ontario,Canada
M1P,Ontario,Canada
M1R,Ontario,Canada
M1S,Ontario,Canada
M1T,Ontario,Canada
M1V,Ontario,Canada
M1W,Ontario,Canada
M1X,Ontario,Canada
M2H,Ontario,Canada
M2J,Ontario,Canada
M2K,Ontario,Canada
M2L,Ontario,Canada
M2M,Ontario,Canada
M2N,Ontario,Canada
M2P,Ontario,Canada
M2R,Ontario,Canada
M3A,Ontario,Canada
M3B,Ontario,Canada
M3C,Ontario,Canada
M3H,Ontario,Canada
M3J,Ontario,Canada
M3K,Ontario,Canada
M3L,Ontario,Canada
M3M,Ontario,Canada
M3N,Ontario,Canada
M4A,Ontario,Canada
M4B,Ontario,Canada
M4C,Ontario,Canada
M4E,Ontario,Canada
M4G,Ontario,Canada
M4H,Ontario,Canada
M4J,Ontario,Canada
M4K,Ontario,Canada
M4L,Ontario,Canada
M4M,Ontario,Canada
M4N,Ontario,Canada
M4P,Ontario,Canada
M4R,Ontario,Canada
M4S,Ontario,Canada
M4T,Ontario,Canada
M4V,Ontario,Canada
M4W,Ontario,Canada
M4X,Ontario,Canada
M4Y,Ontario,Canada
M5A,Ontario,Canada
M5B,Ontario,Canada
M5C,Ontario,Canada
M5E,Ontario,Canada
M5G,Ontario,Canada
M5H,Ontario,Canada
M5J,Ontario,Canada
M5K,Ontario,Canada
M5L,Ontario,Canada
M5M,Ontario,Canada
M5N,Ontario,Canada
M5P,Ontario,Canada
M5R,Ontario,Canada
M5S,Ontario,Canada
M5T,Ontario,Canada
M5V,Ontario,Canada
M5W,Ontario,Canada
M5X,Ontario,Canada
M6A,Ontario,Canada
M6B,Ontario,Canada
M6C,Ontario,Canada
M6E,Ontario,Canada
M6G,Ontario,Canada
M6H,Ontario,Canada
M6J,Ontario,Canada
M6K,Ontario,Canada
M6L,Ontario,Canada
M6M,Ontario,Canada
M6N,Ontario,Canada
M6P,Ontario,Canada
M6R,Ontario,Canada
M6S,Ontario,Canada
M7A,Ontario,Canada
M7Y,Ontario,Canada
M8V,Ontario,Canada
M8W,Ontario,Canada
M8X,Ontario,Canada
M8Y,Ontario,Canada
M8Z,Ontario,Canada
M9A,Ontario,Canada
M9B,Ontario,Canada
M9C,Ontario,Canada
M9L,Ontario,Canada
M9M,Ontario,Canada
M9N,Ontario,Canada
M9P,Ontario,Canada
M9R,Ontario,Canada
M9V,Ontario,Canada
M9W,Ontario,Canada
N0A,Ontario,Canada
N0B,Ontario,Canada
N0C,Ontario,Canada
N0E,Ontario,Canada
N0G,Ontario,Canada
N0H,Ontario,Canada
N0J,Ontario,Canada
N0K,Ontario,Canada
N0L,Ontario,Canada
N0M,Ontario,Canada
N0N,Ontario,Canada
N0P,Ontario,Canada
N0R,Ontario,Canada
N1A,Ontario,Canada
N1C,Ontario,Canada
N1E,Ontario,Canada
N1G,Ontario,Canada
N1H,Ontario,Canada
N1K,Ontario,Canada
N1L,Ontario,Canada
N1M,Ontario,Canada
N1P,Ontario,Canada
N1R,Ontario,Canada
N1S,Ontario,Canada
N1T,Ontario,Canada
N2A,Ontario,Canada
N2B,Ontario,Canada
N2C,Ontario,Canada
N2E,Ontario,Canada
N2G,Ontario,Canada
N2H,Ontario,Canada
N2J,Ontario,Canada
N2K,Ontario,Canada
N2L,Ontario,Canada
N2M,Ontario,Canada
N2N,Ontario,Canada
N2P,Ontario,Canada
N2R,Ontario,Canada
N2T,Ontario,Canada
N2V,Ontario,Canada
N2Z,Ontario,Canada
N3A,Ontario,Canada
N3B,Ontario,Canada
N3C,Ontario,Canada
N3E,Ontario,Canada
N3H,Ontario,Canada
N3L,Ontario,Canada
N3P,Ontario,Canada
N3R,Ontario,Canada
N3S,Ontario,Canada
N3T,Ontario,Canada
N3V,Ontario,Canada
N3W,Ontario,Canada
N3Y,Ontario,Canada
N4B,Ontario,Canada
N4G,Ontario,Canada
N4K,Ontario,Canada
N4L,Ontario,Canada
N4N,Ontario,Canada
N4S,Ontario,Canada
N4T,Ontario,Canada
N4V,Ontario,Canada
N4W,Ontario,Canada
N4X,Ontario,Canada
N4Z,Ontario,Canada
N5A,Ontario,Canada
N5C,Ontario,Canada
N5H,Ontario,Canada
N5L,Ontario,Canada
N5P,Ontario,Canada
N5R,Ontario,Canada
N5V,Ontario,Canada
N5W,Ontario,Canada
N5X,Ontario,Canada
N5Y,Ontario,Canada
N5Z,Ontario,Canada
N6A,Ontario,Canada
N6B,Ontario,Canada
N6C,Ontario,Canada
N6E,Ontario,Canada
N6G,Ontario,Canada
N6H,Ontario,Canada
N6J,Ontario,Canada
N6K,Ontario,Canada
N6L,Ontario,Canada
N6M,Ontario,Canada
N6N,Ontario,Canada
N6P,Ontario,Canada
N7A,Ontario,Canada
N7G,Ontario,Canada
N7L,Ontario,Canada
N7M,Ontario,Canada
N7S,Ontario,Canada
N7T,Ontario,Canada
N7V,Ontario,Canada
N7W,Ontario,Canada
N7X,Ontario,Canada
N8A,Ontario,Canada
N8H,Ontario,Canada
N8M,Ontario,Canada
N8N,Ontario,Canada
N8P,Ontario,Canada
N8R,Ontario,Canada
N8S,Ontario,Canada
N8T,Ontario,Canada
N8V,Ontario,Canada
N8W,Ontario,Canada
N8X,Ontario,Canada
N8Y,Ontario,Canada
N9A,Ontario,Canada
N9B,Ontario,Canada
N9C,Ontario,Canada
N9E,Ontario,Canada
N9G,Ontario,Canada
N9H,Ontario,Canada
N9J,Ontario,Canada
N9K,Ontario,Canada
N9V,Ontario,Canada
N9Y,Ontario,Canada
P0A,Ontario,Canada
P0B,Ontario,Canada
P0C,Ontario,Canada
P0E,Ontario,Canada
P0G,Ontario,Canada
P0H,Ontario,Canada
P0J,Ontario,Canada
P0K,Ontario,Canada
P0L,Ontario,Canada
P0M,Ontario,Canada
P0N,Ontario,Canada
P0P,Ontario,Canada
P0R,Ontario,Canada
P0S,Ontario,Canada
P0T,Ontario,Canada
P0V,Ontario,Canada
P0W,Ontario,Canada
P0X,Ontario,Canada
P0Y,Ontario,Canada
P1A,Ontario,Canada
P1B,Ontario,Canada
P1C,Ontario,Canada
P1H,Ontario,Canada
P1L,Ontario,Canada
P1P,Ontario,Canada
P2A,Ontario,Canada
P2B,Ontario,Canada
P2N,Ontario,Canada
P3A,Ontario,Canada
P3B,Ontario,Canada
P3C,Ontario,Canada
P3E,Ontario,Canada
P3G,Ontario,Canada
P3L,Ontario,Canada
P3N,Ontario,Canada
P3P,Ontario,Canada
P3Y,Ontario,Canada
P4N,Ontario,Canada
P4P,Ontario,Canada
P4R,Ontario,Canada
P5A,Ontario,Canada
P5E,Ontario,Canada
P5N,Ontario,Canada
P6A,Ontario,Canada
P6B,Ontario,Canada
P6C,Ontario,Canada
P7A,Ontario,Canada
P7B,Ontario,Canada
P7C,Ontario,Canada
P7E,Ontario,Canada
P7G,Ontario,Canada
P7J,Ontario,Canada
P7K,Ontario,Canada
P8N,Ontario,Canada
P8T,Ontario,Canada
P9A,Ontario,Canada
P9N,Ontario,Canada
R0A,Manitoba,Canada
R0B,Manitoba,Canada
R0C,Manitoba,Canada
R0E,Manitoba,Canada
R0G,Manitoba,Canada
R0H,Manitoba,Canada
R0J,Manitoba,Canada
R0K,Manitoba,Canada
R0L,Manitoba,Canada
R0M,Manitoba,Canada
R1A,Manitoba,Canada
R1B,Manitoba,Canada
R1N,Manitoba,Canada
R2C,Manitoba,Canada
R2E,Manitoba,Canada
R2G,Manitoba,Canada
R2H,Manitoba,Canada
R2J,Manitoba,Canada
R2K,Manitoba,Canada
R2L,Manitoba,Canada
R2M,Manitoba,Canada
R2N,Manitoba,Canada
R2P,Manitoba,Canada
R2R,Manitoba,Canada
R2V,Manitoba,Canada
R2W,Manitoba,Canada
R2X,Manitoba,Canada
R2Y,Manitoba,Canada
R3A,Manitoba,Canada
R3B,Manitoba,Canada
R3C,Manitoba,Canada
R3E,Manitoba,Canada
R3G,Manitoba,Canada
R3H,Manitoba,Canada
R3J,Manitoba,Canada
R3K,Manitoba,Canada
R3L,Manitoba,Canada
R3M,Manitoba,Canada
R3N,Manitoba,Canada
R3P,Manitoba,Canada
R3R,Manitoba,Canada
R3S,Manitoba,Canada
R3T,Manitoba,Canada
R3V,Manitoba,Canada
R3W,Manitoba,Canada
R3X,Manitoba,Canada
R3Y,Manitoba,Canada
R4A,Manitoba,Canada
R4H,Manitoba,Canada
R4J,Manitoba,Canada
R4K,Manitoba,Canada
R4L,Manitoba,Canada
R5A,Manitoba,Canada
R5G,Manitoba,Canada
R5H,Manitoba,Canada
R6M,Manitoba,Canada
R6W,Manitoba,Canada
R7A,Manitoba,Canada
R7B,Manitoba,Canada
R7C,Manitoba,Canada
R7N,Manitoba,Canada
R8A,Manitoba,Canada
R8N,Manitoba,Canada
R9A,Manitoba,Canada
S0A,Saskatchewan,Canada
S0C,Saskatchewan,Canada
S0E,Saskatchewan,Canada
S0G,Saskatchewan,Canada
S0H,Saskatchewan,Canada
S0J,Saskatchewan,Canada
S0K,Saskatchewan,Canada
S0L,Saskatchewan,Canada
S0M,Saskatchewan,Canada
S0N,Saskatchewan,Canada
S0P,Saskatchewan,Canada
S2V,Saskatchewan,Canada
S3N,Saskatchewan,Canada
S4A,Saskatchewan,Canada
S4H,Saskatchewan,Canada
S4L,Saskatchewan,Canada
S4N,Saskatchewan,Canada
S4P,Saskatchewan,Canada
S4R,Saskatchewan,Canada
S4S,Saskatchewan,Canada
S4T,Saskatchewan,Canada
S4V,Saskatchewan,Canada
S4W,Saskatchewan,Canada
S4X,Saskatchewan,Canada
S4Y,Saskatchewan,Canada
S4Z,Saskatchewan,Canada
S6H,Saskatchewan,Canada
S6J,Saskatchewan,Canada
S6K,Saskatchewan,Canada
S6V,Saskatchewan,Canada
S6W,Saskatchewan,Canada
S6X,Saskatchewan,Canada
S7H,Saskatchewan,Canada
S7J,Saskatchewan,Canada
S7K,Saskatchewan,Canada
S7L,Saskatchewan,Canada
S7M,Saskatchewan,Canada
S7N,Saskatchewan,Canada
S7P,Saskatchewan,Canada
S7R,Saskatchewan,Canada
S7S,Saskatchewan,Canada
S7T,Saskatchewan,Canada
S7V,Saskatchewan,Canada
S9A,Saskatchewan,Canada
S9H,Saskatchewan,Canada
S9V,Saskatchewan,Canada
S9X,Saskatchewan,Canada
T0A,Alberta,Canada
T0B,Alberta,Canada
T0C,Alberta,Canada
T0E,Alberta,Canada
T0G,Alberta,Canada
T0H,Alberta,Canada
T0J,Alberta,Canada
T0K,Alberta,Canada
T0L,Alberta,Canada
T0M,Alberta,Canada
T0P,Alberta,Canada
T0V,Alberta,Canada
T1A,Alberta,Canada
T1B,Alberta,Canada
T1C,Alberta,Canada
T1G,Alberta,Canada
T1H,Alberta,Canada
T1J,Alberta,Canada
T1K,Alberta,Canada
T1L,Alberta,Canada
T1M,Alberta,Canada
T1P,Alberta,Canada
T1R,Alberta,Canada
T1S,Alberta,Canada
T1V,Alberta,Canada
T1W,Alberta,Canada
T1X,Alberta,Canada
T1Y,Alberta,Canada
T2A,Alberta,Canada
T2B,Alberta,Canada
T2C,Alberta,Canada
T2E,Alberta,Canada
T2G,Alberta,Canada
T2H,Alberta,Canada
T2J,Alberta,Canada
T2K,Alberta,Canada
T2L,Alberta,Canada
T2M,Alberta,Canada
T2N,Alberta,Canada
T2P,Alberta,Canada
T2R,Alberta,Canada
T2S,Alberta,Canada
T2T,Alberta,Canada
T2V,Alberta,Canada
T2W,Alberta,Canada
T2X,Alberta,Canada
T2Y,Alberta,Canada
T2Z,Alberta,Canada
T3A,Alberta,Canada
T3B,Alberta,Canada
T3C,Alberta,Canada
T3E,Alberta,Canada
T3G,Alberta,Canada
T3H,Alberta,Canada
T3J,Alberta,Canada
T3K,Alberta,Canada
T3L,Alberta,Canada
T3M,Alberta,Canada
T3N,Alberta,Canada
T3P,Alberta,Canada
T3R,Alberta,Canada
T3Z,Alberta,Canada
T4A,Alberta,Canada
T4B,Alberta,Canada
T4C,Alberta,Canada
T4E,Alberta,Canada
T4G,Alberta,Canada
T4H,Alberta,Canada
T4J,Alberta,Canada
T4L,Alberta,Canada
T4N,Alberta,Canada
T4P,Alberta,Canada
T4R,Alberta,Canada
T4S,Alberta,Canada
T4T,Alberta,Canada
T4V,Alberta,Canada
T4X,Alberta,Canada
T5A,Alberta,Canada
T5B,Alberta,Canada
T5C,Alberta,Canada
T5E,Alberta,Canada
T5G,Alberta,Canada
T5H,Alberta,Canada
T5J,Alberta,Canada
T5K,Alberta,Canada
T5L,Alberta,Canada
T5M,Alberta,Canada
T5N,Alberta,Canada
T5P,Alberta,Canada
T5R,Alberta,Canada
T5S,Alberta,Canada
T5T,Alberta,Canada
T5V,Alberta,Canada
T5W,Alberta,Canada
T5X,Alberta,Canada
T5Y,Alberta,Canada
T5Z,Alberta,Canada
T6A,Alberta,Canada
T6B,Alberta,Canada
T6C,Alberta,Canada
T6E,Alberta,Canada
T6G,Alberta,Canada
T6H,Alberta,Canada
T6J,Alberta,Canada
T6K,Alberta,Canada
T6L,Alberta,Canada
T6M,Alberta,Canada
T6N,Alberta,Canada
T6P,Alberta,Canada
T6R,Alberta,Canada
T6S,Alberta,Canada
T6T,Alberta,Canada
T6V,Alberta,Canada
T6W,Alberta,Canada
T6X,Alberta,Canada
T7A,Alberta,Canada
T7E,Alberta,Canada
T7N,Alberta,Canada
T7P,Alberta,Canada
T7S,Alberta,Canada
T7V,Alberta,Canada
T7X,Alberta,Canada
T7Y,Alberta,Canada
T7Z,Alberta,Canada
T8A,Alberta,Canada
T8B,Alberta,Canada
T8C,Alberta,Canada
T8E,Alberta,Canada
T8G,Alberta,Canada
T8H,Alberta,Canada
T8L,Alberta,Canada
T8N,Alberta,Canada
T8R,Alberta,Canada
T8S,Alberta,Canada
T8V,Alberta,Canada
T8W,Alberta,Canada
T8X,Alberta,Canada
T9A,Alberta,Canada
T9C,Alberta,Canada
T9E,Alberta,Canada
T9G,Alberta,Canada
T9H,Alberta,Canada
T9J,Alberta,Canada
T9K,Alberta,Canada
T9M,Alberta,Canada
T9N,Alberta,Canada
T9S,Alberta,Canada
T9V,Alberta,Canada
T9W,Alberta,Canada
T9X,Alberta,Canada
V0A,British Columbia,Canada
V0B,British Columbia,Canada
V0C,British Columbia,Canada
V0E,British Columbia,Canada
V0G,British Columbia,Canada
V0H,British Columbia,Canada
V0J,British Columbia,Canada
V0K,British Columbia,Canada
V0L,British Columbia,Canada
V0M,British Columbia,Canada
V0N,British Columbia,Canada
V0P,British Columbia,Canada
V0R,British Columbia,Canada
V0S,British Columbia,Canada
V0T,British Columbia,Canada
V0V,British Columbia,Canada
V0W,British Columbia,Canada
V0X,British Columbia,Canada
V1A,British Columbia,Canada
V1B,British Columbia,Canada
V1C,British Columbia,Canada
V1E,British Columbia,Canada
V1G,British Columbia,Canada
V1H,British Columbia,Canada
V1J,British Columbia,Canada
V1K,British Columbia,Canada
V1L,British Columbia,Canada
V1M,British Columbia,Canada
V1N,British Columbia,Canada
V1P,British Columbia,Canada
V1R,British Columbia,Canada
V1S,British Columbia,Canada
V1T,British Columbia,Canada
V1V,British Columbia,Canada
V1W,British Columbia,Canada
V1X,British Columbia,Canada
V1Y,British Columbia,Canada
V1Z,British Columbia,Canada
V2A,British Columbia,Canada
V2B,British Columbia,Canada
V2C,British Columbia,Canada
V2E,British Columbia,Canada
V2G,British Columbia,Canada
V2H,British Columbia,Canada
V2J,British Columbia,Canada
V2K,British Columbia,Canada
V2L,British Columbia,Canada
V2M,British Columbia,Canada
V2N,British Columbia,Canada
V2P,British Columbia,Canada
V2R,British Columbia,Canada
V2S,British Columbia,Canada
V2T,British Columbia,Canada
V2V,British Columbia,Canada
V2W,British Columbia,Canada
V2X,British Columbia,Canada
V2Y,British Columbia,Canada
V2Z,British Columbia,Canada
V3A,British Columbia,Canada
V3B,British Columbia,Canada
V3C,British Columbia,Canada
V3E,British Columbia,Canada
V3G,British Columbia,Canada
V3H,British Columbia,Canada
V3J,British Columbia,Canada
V3K,British Columbia,Canada
V3L,British Columbia,Canada
V3M,British Columbia,Canada
V3N,British Columbia,Canada
V3R,British Columbia,Canada
V3S,British Columbia,Canada
V3T,British Columbia,Canada
V3V,British Columbia,Canada
V3W,British Columbia,Canada
V3X,British Columbia,Canada
V3Y,British Columbia,Canada
V4A,British Columbia,Canada
V4B,British Columbia,Canada
V4C,British Columbia,Canada
V4E,British Columbia,Canada
V4G,British Columbia,Canada
V4K,British Columbia,Canada
V4L,British Columbia,Canada
V4M,British Columbia,Canada
V4N,British Columbia,Canada
V4P,British Columbia,Canada
V4R,British Columbia,Canada
V4S,British Columbia,Canada
V4T,British Columbia,Canada
V4V,British Columbia,Canada
V4W,British Columbia,Canada
V4X,British Columbia,Canada
V4Z,British Columbia,Canada
V5A,British Columbia,Canada
V5B,British Columbia,Canada
V5C,British Columbia,Canada
V5E,British Columbia,Canada
V5G,British Columbia,Canada
V5H,British Columbia,Canada
V5J,British Columbia,Canada
V5K,British Columbia,Canada
V5L,British Columbia,Canada
V5M,British Columbia,Canada
V5N,British Columbia,Canada
V5P,British Columbia,Canada
V5R,British Columbia,Canada
V5S,British Columbia,Canada
V5T,British Columbia,Canada
V5V,British Columbia,Canada
V5W,British Columbia,Canada
V5X,British Columbia,Canada
V5Y,British Columbia,Canada
V5Z,British Columbia,Canada
V6A,British Columbia,Canada
V6B,British Columbia,Canada
V6C,British Columbia,Canada
V6E,British Columbia,Canada
V6G,British Columbia,Canada
V6H,British Columbia,Canada
V6J,British Columbia,Canada
V6K,British Columbia,Canada
V6L,British Columbia,Canada
V6M,British Columbia,Canada
V6N,British Columbia,Canada
V6P,British Columbia,Canada
V6R,British Columbia,Canada
V6S,British Columbia,Canada
V6T,British Columbia,Canada
V6V,British Columbia,Canada
V6W,British Columbia,Canada
V6X,British Columbia,Canada
V6Y,British Columbia,Canada
V6Z,British Columbia,Canada
V7A,British Columbia,Canada
V7B,British Columbia,Canada
V7C,British Columbia,Canada
V7E,British Columbia,Canada
V7G,British Columbia,Canada
V7H,British Columbia,Canada
V7J,British Columbia,Canada
V7K,British Columbia,Canada
V7L,British Columbia,Canada
V7M,British Columbia,Canada
V7N,British Columbia,Canada
V7P,British Columbia,Canada
V7R,British Columbia,Canada
V7S,British Columbia,Canada
V7T,British Columbia,Canada
V7V,British Columbia,Canada
V7W,British Columbia,Canada
V7X,British Columbia,Canada
V7Y,British Columbia,Canada
V8A,British Columbia,Canada
V8B,British Columbia,Canada
V8C,British Columbia,Canada
V8G,British Columbia,Canada
V8J,British Columbia,Canada
V8K,British Columbia,Canada
V8L,British Columbia,Canada
V8M,British Columbia,Canada
V8N,British Columbia,Canada
V8P,British Columbia,Canada
V8R,British Columbia,Canada
V8S,British Columbia,Canada
V8T,British Columbia,Canada
V8V,British Columbia,Canada
V8W,British Columbia,Canada
V8X,British Columbia,Canada
V8Y,British Columbia,Canada
V8Z,British Columbia,Canada
V9A,British Columbia,Canada
V9B,British Columbia,Canada
V9C,British Columbia,Canada
V9E,British Columbia,Canada
V9G,British Columbia,Canada
V9H,British Columbia,Canada
V9J,British Columbia,Canada
V9K,British Columbia,Canada
V9L,British Columbia,Canada
V9M,British Columbia,Canada
V9N,British Columbia,Canada
V9P,British Columbia,Canada
V9R,British Columbia,Canada
V9S,British Columbia,Canada
V9T,British Columbia,Canada
V9V,British Columbia,Canada
V9W,British Columbia,Canada
V9X,British Columbia,Canada
V9Y,British Columbia,Canada
X0A,Nunavut Territory,Canada
X0B,Nunavut Territory,Canada
X0C,Nunavut Territory,Canada
X0E,Northwest Territory,Canada
X0G,Northwest Territory,Canada
X1A,Northwest Territory,Canada
Y0A,Yukon,Canada
Y0B,Yukon,Canada
Y1A,Yukon,Canada